url,label,category,attack_type,target_brand
https://bca.co.id,0,banking,legitimate_official,bca
https://bni.co.id,0,banking,legitimate_official,bni
http://pln--secure-login.example.id/verify,1,government_public,combosquatting,pln
http://bca--verify-account.bca-co.id/verify,1,banking,combosquatting,bca
http://tokopedia--verify-account.tokopedia.my.id/verify,1,ecommerce_marketplace,combosquatting,tokopedia
https://pln.co.id,0,government_public,legitimate_official,pln
http://cimbbi.co.id/login,1,banking,typosquatting,bni
https://mandiri.co.id,0,banking,legitimate_official,mandiri
https://dana.id,0,fintech_ewallet,legitimate_official,dana
http://danaa.co.id/login,1,banking,typosquatting,bri
https://tokopedia.com,0,ecommerce_marketplace,legitimate_official,tokopedia
http://bca-verifikasi.my.id/download,1,banking,apk_malware_lure,bca
http://gopay--update-billing.gopay.my.id/verify,1,fintech_ewallet,combosquatting,gopay
http://pln--verify-account.example.id/verify,1,government_public,combosquatting,pln
https://bri.co.id,0,banking,legitimate_official,bri
https://jne.co.id,0,logistics,legitimate_official,jne
http://dana--update-billing.dana.my.id/verify,1,fintech_ewallet,combosquatting,dana
https://pajak.go.id,0,government_public,legitimate_official,pajak
https://shopee.co.id,0,ecommerce_marketplace,legitimate_official,shopee
https://cimb.co.id,1,banking,legitimate_official,cimb
http://dana.ac.id/verify,1,fintech_ewallet,compromised_legit_domain,dana
https://bpjs.go.id,0,government_public,legitimate_official,bpjs
http://cimb--update-billing.cimbniaga.my.id/verify,1,banking,combosquatting,cimb
http://ovoo.id/login,1,fintech_ewallet,typosquatting,ovo
http://mandiri--update-billing.bankmandiri.my.id/verify,1,banking,combosquatting,mandiri
https://gopay.co.id,0,fintech_ewallet,legitimate_official,gopay
http://auth.mandiri.co.id/verify,1,banking,subdomain_hijack,mandiri
http://gopey.com/login,1,government_public,typosquatting,pajak
http://ovoo.co.id/login,1,fintech_ewallet,typosquatting,gopay
http://shopee.ac.id/verify,1,ecommerce_marketplace,compromised_legit_domain,shopee
http://pln--update-billing.example.id/verify,1,government_public,combosquatting,pln
http://gopay--secure-login.gopay.my.id/verify,1,fintech_ewallet,combosquatting,gopay
https://none.id,0,news_portal,legitimate_official,none
http://dana-verifikasi.my.id/download,1,fintech_ewallet,apk_malware_lure,dana
http://update.bca.co.id/verify,0,banking,legitimate_official,bca
http://bni.ac.id/verify,1,banking,compromised_legit_domain,bni
http://bpjs-update-apk.my.id/download,1,government_public,apk_malware_lure,bpjs
http://ovo.ac.id/verify,1,fintech_ewallet,compromised_legit_domain,ovo
http://secure.shopee.co.id/verify,0,ecommerce_marketplace,legitimate_official,shopee
http://dana--verify-account.dana.my.id/verify,1,fintech_ewallet,combosquatting,dana
http://bca--secure-login.bca-co.id/verify,1,banking,combosquatting,bca
http://bca.ac.id/verify,1,banking,compromised_legit_domain,bca
http://bni--security-verification.bni.my.id/verify,1,banking,combosquatting,bni
http://mandiri-verifikasi.my.id/download,1,banking,apk_malware_lure,mandiri
http://bni-surat.my.id/download,1,banking,apk_malware_lure,bni
http://bri-undangan.my.id/download,1,banking,apk_malware_lure,bri
https://pajak.co.id,1,government_public,legitimate_official,pajak
http://gopay-unduh-apk.my.id/download,1,fintech_ewallet,apk_malware_lure,gopay
http://secure.bni.co.id/verify,0,banking,legitimate_official,bni
http://brii.co.id/login,1,banking,typosquatting,cimb
http://jne.ac.id/verify,1,logistics,compromised_legit_domain,jne
http://secure.gopay.co.id/verify,0,fintech_ewallet,legitimate_official,gopay
http://gopay--security-verification.gopay.my.id/verify,1,fintech_ewallet,combosquatting,gopay
http://bpjs.ac.id/verify,1,government_public,compromised_legit_domain,bpjs
https://ovo.id,0,fintech_ewallet,legitimate_official,ovo
http://cimb--secure-login.cimbniaga.my.id/verify,1,banking,combosquatting,cimb
http://shopee--update-billing.shopee.my.id/verify,1,ecommerce_marketplace,combosquatting,shopee
http://banking.tokopedia.co.id/verify,1,ecommerce_marketplace,subdomain_hijack,tokopedia
http://shopee--verify-account.shopee.my.id/verify,1,ecommerce_marketplace,combosquatting,shopee
http://bri-update-apk.my.id/download,1,banking,apk_malware_lure,bri
http://tokpedd.com/login,1,ecommerce_marketplace,typosquatting,tokopedia
http://tokpedd.co.id/login,1,banking,typosquatting,bri
http://verify.pln.co.id/verify,0,government_public,legitimate_official,pln
http://pajak-surat.my.id/download,1,government_public,apk_malware_lure,pajak
https://bpjs.co.id,1,government_public,legitimate_official,bpjs
https://tokopedia.co.id,1,ecommerce_marketplace,legitimate_official,tokopedia
http://pajak--verify-account.example.id/verify,1,government_public,combosquatting,pajak
http://danaa.com/login,1,ecommerce_marketplace,typosquatting,tokopedia
http://pajak.ac.id/verify,1,government_public,compromised_legit_domain,pajak
http://cimb.ac.id/verify,1,banking,compromised_legit_domain,cimb
http://mandirii.co.id/login,1,banking,typosquatting,bca
http://update.ovo.co.id/verify,1,fintech_ewallet,subdomain_hijack,ovo
http://bri--verify-account.bri.my.id/verify,1,banking,combosquatting,bri
http://banking.jne.co.id/verify,0,logistics,legitimate_official,jne
http://bpjs-surat.my.id/download,1,government_public,apk_malware_lure,bpjs
http://bca-surat.my.id/download,1,banking,apk_malware_lure,bca
http://jne--update-billing.example.id/verify,1,logistics,combosquatting,jne
http://shopeee.co.id/login,1,ecommerce_marketplace,typosquatting,shopee
http://bca--update-billing.bca-co.id/verify,1,banking,combosquatting,bca
http://cimb--security-verification.cimbniaga.my.id/verify,1,banking,combosquatting,cimb
http://banking.bpjs.co.id/verify,1,government_public,subdomain_hijack,bpjs
http://tokopedia--secure-login.tokopedia.my.id/verify,1,ecommerce_marketplace,combosquatting,tokopedia
http://bri.ac.id/verify,1,banking,compromised_legit_domain,bri
http://cimbbi.com/login,1,logistics,typosquatting,jne
http://update.pajak.co.id/verify,1,government_public,subdomain_hijack,pajak
http://gopay-surat.my.id/download,1,fintech_ewallet,apk_malware_lure,gopay
http://shopeee.com/login,1,ecommerce_marketplace,typosquatting,tokopedia
http://gopay-verifikasi.my.id/download,1,fintech_ewallet,apk_malware_lure,gopay
http://ovoo.com/login,1,government_public,typosquatting,pajak
http://shopee-verifikasi.my.id/download,1,ecommerce_marketplace,apk_malware_lure,shopee
http://cimb--verify-account.cimbniaga.my.id/verify,1,banking,combosquatting,cimb
http://bca--security-verification.bca-co.id/verify,1,banking,combosquatting,bca
http://gopay.ac.id/verify,1,fintech_ewallet,compromised_legit_domain,gopay
http://pln-surat.my.id/download,1,government_public,apk_malware_lure,pln
http://mandiri-unduh-apk.my.id/download,1,banking,apk_malware_lure,mandiri
http://pln-unduh-apk.my.id/download,1,government_public,apk_malware_lure,pln
http://mandirii.com/login,1,logistics,typosquatting,jne
http://update.shopee.co.id/verify,0,ecommerce_marketplace,legitimate_official,shopee
http://mandiri-surat.my.id/download,1,banking,apk_malware_lure,mandiri
http://bni--secure-login.bni.my.id/verify,1,banking,combosquatting,bni
http://mandiri--verify-account.bankmandiri.my.id/verify,1,banking,combosquatting,mandiri
http://update.dana.co.id/verify,1,fintech_ewallet,subdomain_hijack,dana
http://ovo--update-billing.ovo.my.id/verify,1,fintech_ewallet,combosquatting,ovo
http://pln-verifikasi.my.id/download,1,government_public,apk_malware_lure,pln
http://update.gopay.co.id/verify,0,fintech_ewallet,legitimate_official,gopay
http://auth.gopay.co.id/verify,0,fintech_ewallet,legitimate_official,gopay
http://bnii.co.id/login,1,banking,typosquatting,cimb
http://dana-surat.my.id/download,1,fintech_ewallet,apk_malware_lure,dana
http://auth.jne.co.id/verify,0,logistics,legitimate_official,jne
http://pln-undangan.my.id/download,1,government_public,apk_malware_lure,pln
http://bri-unduh-apk.my.id/download,1,banking,apk_malware_lure,bri
http://secure.bca.co.id/verify,0,banking,legitimate_official,bca
http://cimb-update-apk.my.id/download,1,banking,apk_malware_lure,cimb
http://pln.ac.id/verify,1,government_public,compromised_legit_domain,pln
http://tokopedia-undangan.my.id/download,1,ecommerce_marketplace,apk_malware_lure,tokopedia
http://banking.pln.co.id/verify,0,government_public,legitimate_official,pln
http://dana-undangan.my.id/download,1,fintech_ewallet,apk_malware_lure,dana
http://bni--verify-account.bni.my.id/verify,1,banking,combosquatting,bni
http://pln-update-apk.my.id/download,1,government_public,apk_malware_lure,pln
http://dana--secure-login.dana.my.id/verify,1,fintech_ewallet,combosquatting,dana
http://bcaa.id/login,1,fintech_ewallet,typosquatting,ovo
http://jne-unduh-apk.my.id/download,1,logistics,apk_malware_lure,jne
http://auth.bri.co.id/verify,0,banking,legitimate_official,bri
http://bpjs-undangan.my.id/download,1,government_public,apk_malware_lure,bpjs
http://shopee--secure-login.shopee.my.id/verify,1,ecommerce_marketplace,combosquatting,shopee
http://cimb-surat.my.id/download,1,banking,apk_malware_lure,cimb
http://jne-undangan.my.id/download,1,logistics,apk_malware_lure,jne
http://ovo-surat.my.id/download,1,fintech_ewallet,apk_malware_lure,ovo
http://ovo--secure-login.ovo.my.id/verify,1,fintech_ewallet,combosquatting,ovo
http://verify.pajak.co.id/verify,1,government_public,subdomain_hijack,pajak
http://brii.id/login,1,fintech_ewallet,typosquatting,dana
http://gopey.id/login,1,fintech_ewallet,typosquatting,ovo
http://verify.cimb.co.id/verify,1,banking,subdomain_hijack,cimb
http://shopee--security-verification.shopee.my.id/verify,1,ecommerce_marketplace,combosquatting,shopee
http://secure.bri.co.id/verify,0,banking,legitimate_official,bri
https://ovo.co.id,1,fintech_ewallet,legitimate_official,ovo
http://bpjs-unduh-apk.my.id/download,1,government_public,apk_malware_lure,bpjs
http://pajak-update-apk.my.id/download,1,government_public,apk_malware_lure,pajak
http://shopeee.id/login,1,fintech_ewallet,typosquatting,ovo
http://ovo--verify-account.ovo.my.id/verify,1,fintech_ewallet,combosquatting,ovo
http://auth.pln.co.id/verify,0,government_public,legitimate_official,pln
http://bpjs--update-billing.example.id/verify,1,government_public,combosquatting,bpjs
http://mandiri--security-verification.bankmandiri.my.id/verify,1,banking,combosquatting,mandiri
http://secure.jne.co.id/verify,0,logistics,legitimate_official,jne
http://tokopedia--security-verification.tokopedia.my.id/verify,1,ecommerce_marketplace,combosquatting,tokopedia
http://bca-klik-bantuan-nasabah.my.id/login.php,1,banking,combosquatting,bca
http://bri-mo-pembaruan-tarif-2026.biz.id/aktivasi,1,banking,combosquatting,bri
http://mandiri-livin-biaya-transaksi.web.id/auth,1,banking,combosquatting,mandiri
http://bni-mobile-aktivasi-wondr.id/verifikasi,1,banking,combosquatting,bni
http://cimb-niaga-octo-click-upgrade.biz.id/rekening,1,banking,combosquatting,cimb
http://bsi-mobile-rekening-terblokir.my.id/aktivasi,1,banking,combosquatting,bsi
http://danamon-online-bantuan-pin.web.id/form,1,banking,combosquatting,danamon
http://seabank-klaim-bunga-spesial.biz.id/promo,1,banking,combosquatting,seabank
http://jago-kantong-bersama-klaim.my.id/join,1,banking,combosquatting,jago
http://permata-net-mobile-update.id/auth,1,banking,combosquatting,permata
http://klikbca-layanan-perubahan-tarif.web.id/bca,1,banking,combosquatting,bca
http://brimo-aktivasi-layanan-bebas-biaya.biz.id/login,1,banking,combosquatting,bri
http://dana-kaget-saldo-gratis-150rb.biz.id/klaim-dana,1,fintech_ewallet,combosquatting,dana
http://dompet-dana-kaget-amplop-hari-ini.my.id/ambil,1,fintech_ewallet,combosquatting,dana
http://gopay-cashback-gopaylater-50rb.web.id/voucher,1,fintech_ewallet,combosquatting,gopay
http://ovo-point-gebyar-cashback-undian.biz.id/klaim,1,fintech_ewallet,combosquatting,ovo
http://shopeepay-later-kenaikan-limit-instan.my.id/aktivasi,1,fintech_ewallet,combosquatting,shopeepay
http://linkaja-transfer-bebas-biaya-admin.web.id/daftar,1,fintech_ewallet,combosquatting,linkaja
http://undangan-pernikahan-digital-putri-reza.my.id/surat-undangan.apk,1,social_engineering,apk_malware_lure,none
http://cek-resi-jnt-express-paket-tertahan.web.id/lacak-paket.apk,1,logistics,apk_malware_lure,jnt
http://jne-kurir-surat-pemberitahuan-barang.biz.id/unduh-surat.apk,1,logistics,apk_malware_lure,jne
http://surat-tilang-elektronik-etle-polri.my.id/bukti-pelanggaran.apk,1,government_public,apk_malware_lure,none
http://tagihan-pln-surat-teguran-listrik.biz.id/rincian-tagihan.apk,1,government_public,apk_malware_lure,pln
http://dokumen-surat-panggilan-kejaksaan.my.id/surat-panggilan.apk,1,government_public,apk_malware_lure,none
http://klikbca.com.layanan-bantuan-nasabah.my.id/login,1,banking,subdomain_hijack,bca
http://bri.co.id.info-pembaruan-tarif.web.id/verifikasi,1,banking,subdomain_hijack,bri
http://bankmandiri.co.id.aktivasi-livin.biz.id/form,1,banking,subdomain_hijack,mandiri
http://dana.id.klaim-dana-kaget-resmi.my.id/ambil,1,fintech_ewallet,subdomain_hijack,dana
http://pajak.go.id.konfirmasi-spt-tahunan.web.id/login,1,government_public,subdomain_hijack,pajak
http://kampus-negeri.ac.id/wp-content/uploads/2026/08/bca-login.html,1,education,compromised_legit_domain,bca
http://desa-makmur.go.id/portal/wp-includes/dana-kaget.php,1,government_public,compromised_legit_domain,dana
http://perpustakaan.ac.id/files/bri-verifikasi.html,1,education,compromised_legit_domain,bri
http://bansos-kemensos-pkh-tahap3.my.id/cek-bansos,1,government_public,combosquatting,none
http://djp-pajak-konfirmasi-denda-spt.biz.id/efaktur,1,government_public,combosquatting,pajak
http://bpjs-kesehatan-bantuan-premi-gratis.my.id/daftar,1,government_public,combosquatting,bpjs
http://pln-token-gratis-kompensasi.web.id/klaim-token,1,government_public,combosquatting,pln
https://www.bca.co.id,0,banking,legitimate_official,bca
https://bank.klikbca.com,0,banking,legitimate_official,bca
https://mybca.bca.co.id,0,banking,legitimate_official,bca
https://ib.bri.co.id,0,banking,legitimate_official,bri
https://bankmandiri.co.id,0,banking,legitimate_official,mandiri
https://livinbymandiri.id,0,banking,legitimate_official,mandiri
https://wondr.bni.co.id,0,banking,legitimate_official,bni
https://cimbniaga.co.id,0,banking,legitimate_official,cimb
https://bankbsi.co.id,0,banking,legitimate_official,bsi
https://danamon.co.id,0,banking,legitimate_official,danamon
https://seabank.co.id,0,banking,legitimate_official,seabank
https://jago.com,0,banking,legitimate_official,jago
https://linkaja.id,0,fintech_ewallet,legitimate_official,linkaja
https://blibli.com,0,ecommerce_marketplace,legitimate_official,blibli
https://bpjs-kesehatan.go.id,0,government_public,legitimate_official,bpjs
https://kemkes.go.id,0,government_public,legitimate_official,kemkes
https://satusehat.kemkes.go.id,0,government_public,legitimate_official,kemkes
https://kominfo.go.id,0,government_public,legitimate_official,kominfo
https://pandi.id,0,government_public,legitimate_official,pandi
https://aptikom.org,0,education,legitimate_official,aptikom
https://ui.ac.id,0,education,legitimate_official,none
https://itb.ac.id,0,education,legitimate_official,none
https://ugm.ac.id,0,education,legitimate_official,none
https://unair.ac.id,0,education,legitimate_official,none
https://undip.ac.id,0,education,legitimate_official,none
https://sicepat.com,0,logistics,legitimate_official,sicepat
https://jet.co.id,0,logistics,legitimate_official,jnt
https://detik.com,0,news_portal,legitimate_official,none
https://kompas.id,0,news_portal,legitimate_official,none
https://tempo.co,0,news_portal,legitimate_official,none
https://antaranews.com,0,news_portal,legitimate_official,none
