id,category
PEDAS-bf8bc60352a3,phishing
PEDAS-7dd13e6859b0,online gambling
PEDAS-0fe0d926e0d2,phishing
PEDAS-37db191c480d,phishing
PEDAS-2d06b168bfcc,online gambling
PEDAS-60cb1dcf36fd,online gambling
PEDAS-21d4a69584c6,online gambling
PEDAS-344e9c62f21e,online gambling
PEDAS-54a6d1898c81,online gambling
PEDAS-cbb9cd0dbc6a,online gambling
PEDAS-2881612debfc,violence
PEDAS-b1a2aaa77d81,online gambling
PEDAS-9be289808525,phishing
PEDAS-8d43762b8701,online gambling
PEDAS-dddc84b9c1b3,online gambling
PEDAS-5c184587ffb6,online gambling
PEDAS-ba3f276f290b,online gambling
PEDAS-e3ed498726a0,online gambling
PEDAS-b2c7b4d0d8c0,phishing
PEDAS-65ffaaf169cb,phishing
PEDAS-648956545e5e,phishing
PEDAS-2e5bd2f72555,online gambling
PEDAS-c6e3fd1147be,malware
PEDAS-16cf62d32f57,phishing
PEDAS-b879f3e9a553,online gambling
PEDAS-acb1f60add3f,online gambling
PEDAS-e865fe09cbdc,phishing
PEDAS-c1c867aa24ec,other
PEDAS-225f836cd49d,online gambling
PEDAS-1b6ba77227df,online gambling
PEDAS-7c220a2248ff,online gambling
PEDAS-2d0972c04887,online gambling
PEDAS-ce5c6a1fa605,online gambling
PEDAS-b5f048a8ff06,phishing
PEDAS-fedf3baf6422,online gambling
PEDAS-4d3bc18cf379,online gambling
PEDAS-1d33009d6aa2,online gambling
PEDAS-df71fcf65ea5,online gambling
PEDAS-1e425f81cab8,online gambling
PEDAS-713364433aed,online gambling
PEDAS-9a0d3f5d6784,phishing
PEDAS-2820f7121fe2,online gambling
PEDAS-058df19100fa,online gambling
PEDAS-cc634bd40cb3,phishing
PEDAS-040189ab04d0,online gambling
PEDAS-7495bc0f52ee,other
PEDAS-2045d7467df8,online gambling
PEDAS-9c0daca6d3db,online gambling
PEDAS-41b8be6e10d5,online gambling
PEDAS-5e31a2aad74c,online gambling
PEDAS-4d053c2a267a,online gambling
PEDAS-b258995b3892,online gambling
PEDAS-a087827d2492,online gambling
PEDAS-2546cf5aa92e,online gambling
PEDAS-49671b96c2e0,online gambling
PEDAS-fab1cfe0081b,phishing
PEDAS-fbc54dfdb322,phishing
PEDAS-c034693b4bf8,online gambling
PEDAS-419e267c1088,phishing
PEDAS-df006621cbb6,online gambling
PEDAS-761d58344ba7,online gambling
PEDAS-8046565b68dc,online gambling
PEDAS-fbdefa202e23,online gambling
PEDAS-1af5dac2001a,online gambling
PEDAS-01ba016489b2,phishing
PEDAS-9271f52d1d6a,online gambling
PEDAS-236e909eeafa,online gambling
PEDAS-0728c9879ecb,online gambling
PEDAS-24764d35fd5c,phishing
PEDAS-9572d83aded4,online gambling
PEDAS-70d54dc9b75b,online gambling
PEDAS-c7bbfdc36925,online gambling
PEDAS-53192895dc89,online gambling
PEDAS-c2c194987ece,phishing
PEDAS-112bd496ae25,brand
PEDAS-faa9721111bf,online gambling
PEDAS-e29caed7cd8b,brand
PEDAS-fba58ef34a65,online gambling
PEDAS-8d72891fcf07,online gambling
PEDAS-e17791613d84,online gambling
PEDAS-558b437328d6,online gambling
PEDAS-58e1a818a043,phishing
PEDAS-5bf4da2db2b9,online gambling
PEDAS-08099054fd7e,phishing
PEDAS-5db4fcf1208e,online gambling
PEDAS-b134a359c703,phishing
PEDAS-72dafaacb292,phishing
PEDAS-4ff6b3a5ecc0,phishing
PEDAS-8088d5593f88,online gambling
PEDAS-d8ecb862da13,online gambling
PEDAS-7dcb5dcd1a05,online gambling
PEDAS-c91ecb6cc66e,online gambling
PEDAS-c57c44a5a870,online gambling
PEDAS-ce421ce88df3,online gambling
PEDAS-9c1626393b73,phishing
PEDAS-0c2e964c4908,online gambling
PEDAS-502337e0d33f,online gambling
PEDAS-fd11b28032b9,online gambling
PEDAS-3577dee8816e,online gambling
PEDAS-ec1585f5902b,online gambling
PEDAS-512a20527be4,online gambling
PEDAS-cd57e744f079,phishing
PEDAS-20a50984e228,phishing
PEDAS-fddb797ca650,online gambling
PEDAS-df4d9248949f,online gambling
PEDAS-0a7e84f8e2b0,online gambling
PEDAS-49bf50d375ed,spam
PEDAS-1e166c3d0765,online gambling
PEDAS-1d6d6dc153fa,online gambling
PEDAS-cbd534c38e8d,online gambling
PEDAS-6d6b753f3d09,online gambling
PEDAS-102b5eb27ea9,phishing
PEDAS-145fd04057b5,phishing
PEDAS-6991841f9344,online gambling
PEDAS-56f780107201,online gambling
PEDAS-8e0c47e203ab,phishing
PEDAS-5c11426b8a1d,online gambling
PEDAS-f696c98c25ae,phishing
PEDAS-c5d44024842f,online gambling
PEDAS-e6d60f818592,other
PEDAS-04114ad83cdf,online gambling
PEDAS-9f8b2dc7c096,other
PEDAS-b3e48cb8aa93,online gambling
PEDAS-73cae49acb0e,malware
PEDAS-24b82e3563f9,phishing
PEDAS-bb7a948169ec,online gambling
PEDAS-b964ccb81dfd,online gambling
PEDAS-1d1447425094,online gambling
PEDAS-0e6090903644,online gambling
PEDAS-7eb09ba614dd,online gambling
PEDAS-6688df7ace70,online gambling
PEDAS-d55733511390,online gambling
PEDAS-17ab30986211,online gambling
PEDAS-43bd601a1444,spam
PEDAS-cbb9829ce711,phishing
PEDAS-d505ac9c990f,phishing
PEDAS-505af6e09ec0,online gambling
PEDAS-6af81a771b83,online gambling
PEDAS-617bee36f32e,phishing
PEDAS-96e28b3b9b03,phishing
PEDAS-c78d4a99821a,phishing
PEDAS-fc608af4c744,phishing
PEDAS-f4368e537511,online gambling
PEDAS-096f852debb5,online gambling
PEDAS-d14233856f45,online gambling
PEDAS-2311c63d8360,phishing
PEDAS-619a0dc51db0,phishing
PEDAS-3b94b816c688,phishing
PEDAS-f9e7eabe7439,phishing
PEDAS-de89d3fc4d40,online gambling
PEDAS-8d0d5214043a,phishing
PEDAS-aa274017eb23,online gambling
PEDAS-da7a437e0b8b,phishing
PEDAS-fe2bcaa8aefb,online gambling
PEDAS-1a32a69c13f2,online gambling
PEDAS-95210d00ea18,online gambling
PEDAS-608b71080fa1,malware
PEDAS-e9305846b116,online gambling
PEDAS-cb2704cf2558,online gambling
PEDAS-cc42e2326da8,phishing
PEDAS-7bd079b3fcc2,online gambling
PEDAS-fb3e292b5b46,online gambling
PEDAS-4bd017cda03d,other
PEDAS-4f86f6624de8,online gambling
PEDAS-c605e056f3b0,online gambling
PEDAS-d403fb9df82c,online gambling
PEDAS-eeb7af2b9ea4,phishing
PEDAS-a429c285979c,online gambling
PEDAS-9071ee3433f2,online gambling
PEDAS-5b6c944c0965,online gambling
PEDAS-7e99120ed7ff,online gambling
PEDAS-008e1c6d9718,online gambling
PEDAS-3d1326b84054,online gambling
PEDAS-55bb554d386f,online gambling
PEDAS-9b7c09551ba1,online gambling
PEDAS-2108bd852ecd,online gambling
PEDAS-9b5152347513,online gambling
PEDAS-632f2515c2f4,online gambling
PEDAS-98e1f35ed70b,malware
PEDAS-027efac955b2,online gambling
PEDAS-03452fd3724a,online gambling
PEDAS-4685c71109f7,phishing
PEDAS-fd6b5bebc2a9,online gambling
PEDAS-19ae4f65426b,phishing
PEDAS-62c94f2a8125,phishing
PEDAS-4e2155024223,online gambling
PEDAS-405f1b93b130,phishing
PEDAS-07a355c22600,online gambling
PEDAS-598b3b904292,online gambling
PEDAS-7267aa8325af,online gambling
PEDAS-24ca372cbf27,online gambling
PEDAS-20428096a4dd,phishing
PEDAS-fcac15f7007a,online gambling
PEDAS-f7f500181fbd,phishing
PEDAS-96a2b600ecfe,online gambling
PEDAS-61992291ffe7,online gambling
PEDAS-711654ce86da,online gambling
PEDAS-680c0095f92f,online gambling
PEDAS-f5f6304490dd,online gambling
PEDAS-2049536d5a1a,online gambling
PEDAS-588179cc8a9f,online gambling
PEDAS-3d8330e5e6ca,other
PEDAS-a05fcec41d44,phishing
PEDAS-7f31ab9cb391,phishing
PEDAS-d7c699e26ad9,other
PEDAS-679f1464800f,online gambling
PEDAS-e1e38294ae30,online gambling
PEDAS-a0787a4ab0e7,online gambling
PEDAS-2ed8c4ade488,online gambling
PEDAS-43d8b5edd2f9,online gambling
PEDAS-9938bc0e2e5b,online gambling
PEDAS-1428fcc1c637,online gambling
PEDAS-654991d8ccdd,online gambling
PEDAS-e9185172ab8b,online gambling
PEDAS-8d5d2933168f,online gambling
PEDAS-fbae0ba9be67,malware
PEDAS-5bab16b29278,online gambling
PEDAS-e0a04ffd4f2e,online gambling
PEDAS-7d2e59e35db5,online gambling
PEDAS-5b5a83c97bc2,online gambling
PEDAS-9890f14e592f,phishing
PEDAS-6c93a0a7011a,online gambling
PEDAS-9b66e8b4afdd,phishing
PEDAS-aecfa80d33e2,phishing
PEDAS-48b417a53816,phishing
PEDAS-0943d906e267,online gambling
PEDAS-44a4b7a48c70,online gambling
PEDAS-469ef59ad819,online gambling
PEDAS-bd0d81ffb401,online gambling
PEDAS-bd962db1e8db,phishing
PEDAS-efa237ebdbac,online gambling
PEDAS-919c0d5b89f7,phishing
PEDAS-f9e511d96a16,online gambling
PEDAS-fbf4999abcdd,online gambling
PEDAS-a1e325e97d6a,phishing
PEDAS-97a79b927917,online gambling
PEDAS-1ecddb092e28,phishing
PEDAS-30b624a098d5,online gambling
PEDAS-524175deda72,phishing
PEDAS-2fde2a4a69df,phishing
PEDAS-0fddc6beb3c6,online gambling
PEDAS-ae46cdfbb74d,online gambling
PEDAS-9be55611085a,phishing
PEDAS-0090d1d23704,phishing
PEDAS-b5756d354cb2,online gambling
PEDAS-a1ad7b16c98d,phishing
PEDAS-5fe93811f1be,online gambling
PEDAS-95c908a630b2,online gambling
PEDAS-0bfa2b0997b6,online gambling
PEDAS-805c558e3766,phishing
PEDAS-69783c01122e,phishing
PEDAS-2fe7a1e4811a,online gambling
PEDAS-7fb8391dc4f3,online gambling
PEDAS-046823bb7147,online gambling
PEDAS-2fe2c66a54c8,online gambling
PEDAS-4b591ff5151d,phishing
PEDAS-0cdcb6d921bd,online gambling
PEDAS-8534665b62fb,phishing
PEDAS-e6ce45e1ea09,online gambling
PEDAS-e8fa47e797da,brand
PEDAS-9934ad861f7c,phishing
PEDAS-d933219af775,other
PEDAS-9798570efc72,online gambling
PEDAS-89380fef2f62,phishing
PEDAS-9c6d1d25de5f,phishing
PEDAS-0789f35788fa,online gambling
PEDAS-98de9bb0f06c,phishing
PEDAS-27830fa4c89d,phishing
PEDAS-760d35753d18,online gambling
PEDAS-a0d8fc385332,online gambling
PEDAS-9fc0c8f3219a,phishing
PEDAS-a93ba3cb1b30,online gambling
PEDAS-ef2e8f161fa6,online gambling
PEDAS-0231de98bb81,online gambling
PEDAS-5e246fac95f2,phishing
PEDAS-cac3c5701a11,online gambling
PEDAS-5e0f59ea2727,online gambling
PEDAS-371b5f6a8a1d,online gambling
PEDAS-67e7f9590457,phishing
PEDAS-ef33924b5801,online gambling
PEDAS-489042cd5387,phishing
PEDAS-0ad7f02de27c,online gambling
PEDAS-57d46d9b3b33,other
PEDAS-0608753cf9bb,online gambling
PEDAS-cc3b88770585,online gambling
PEDAS-a170a970035b,phishing
PEDAS-2ea01e856322,online gambling
PEDAS-0038820c77ef,online gambling
PEDAS-21f1f6ff4ccb,online gambling
PEDAS-cb465775b422,online gambling
PEDAS-098280a4268d,brand
PEDAS-96c0366f7920,online gambling
PEDAS-3365504c0a55,online gambling
PEDAS-aa678e6d5fee,online gambling
PEDAS-a87d7da216bc,phishing
PEDAS-07488d2c61d7,malware
PEDAS-e7bc7921751c,online gambling
PEDAS-ee01cadf4631,online gambling
PEDAS-9184d4e85988,online gambling
PEDAS-f43bce07cf54,online gambling
PEDAS-dcd9e58e15f7,malware
PEDAS-d73707527a54,online gambling
PEDAS-bef3c4c6adf3,online gambling
PEDAS-dc85ad89cfb3,online gambling
PEDAS-464d1c1f9611,online gambling
PEDAS-14737c38852d,other
PEDAS-87861d6da89b,online gambling
PEDAS-6a888657a493,phishing
PEDAS-ecfef3f359e3,online gambling
PEDAS-1cecd7ffc22b,online gambling
PEDAS-638276937e64,phishing
PEDAS-e979df7dd2b1,online gambling
PEDAS-069a0e3c41b9,online gambling
PEDAS-fd2a265eb550,online gambling
PEDAS-ef5f24b603ed,other
PEDAS-ea3277f0fd60,phishing
PEDAS-9434c574f278,online gambling
PEDAS-994055eb0053,online gambling
PEDAS-52a793dad171,spam
PEDAS-15a1ebc07253,phishing
PEDAS-871a63e94b94,spam
PEDAS-17d822a249d6,online gambling
PEDAS-efd919c19ad5,online gambling
PEDAS-17a87a625053,online gambling
PEDAS-5daff1b712bc,other
PEDAS-21e1442a51ba,phishing
PEDAS-ac8c8450273b,online gambling
PEDAS-3b6bcf8183b2,online gambling
PEDAS-aa5573f50cbb,phishing
PEDAS-39bfca8ad39d,online gambling
PEDAS-77f520cafcc5,phishing
PEDAS-b24c36ac9465,online gambling
PEDAS-8549f50cc470,online gambling
PEDAS-04d4b2479b9b,online gambling
PEDAS-9cd04dfd2f88,other
PEDAS-e951435b82fd,phishing
PEDAS-9fa25f0240a0,online gambling
PEDAS-fa87839f6c41,phishing
PEDAS-284eea2074d2,online gambling
PEDAS-892993e93305,phishing
PEDAS-3c1afbb8f1f0,online gambling
PEDAS-87ee99fead4e,online gambling
PEDAS-1ec1bb860ce6,phishing
PEDAS-79889a0d1c46,phishing
PEDAS-027cc093dd3f,online gambling
PEDAS-c04207979fec,online gambling
PEDAS-ed898b96035a,phishing
PEDAS-3d0d9a30c43b,phishing
PEDAS-3d11b1ea6135,phishing
PEDAS-145a94365e23,online gambling
PEDAS-2c542bd6ac6e,phishing
PEDAS-634753b39bbc,phishing
PEDAS-be0c58b96966,online gambling
PEDAS-06748044a707,online gambling
PEDAS-f3d71b21367e,phishing
PEDAS-2cd4f56646f1,online gambling
PEDAS-e10c169aa52d,phishing
PEDAS-59b4fea2dab3,online gambling
PEDAS-77fbb83d68f8,online gambling
PEDAS-7686c5832e83,online gambling
PEDAS-e24049a8e119,online gambling
PEDAS-9fbf08d404b0,phishing
PEDAS-f6795bdf69ae,online gambling
PEDAS-d6cd529e0692,phishing
PEDAS-df36a7123190,online gambling
PEDAS-fe1f49bfe023,other
PEDAS-ca6f38320072,online gambling
PEDAS-a4af322212df,phishing
PEDAS-944dac5dc203,online gambling
PEDAS-c4b93e505669,malware
PEDAS-e4dad387529e,online gambling
PEDAS-6903e3062505,online gambling
PEDAS-1e1edc961735,online gambling
PEDAS-cbd4bbf31439,online gambling
PEDAS-1cce0aa45d91,online gambling
PEDAS-bc0ab3de0c80,online gambling
PEDAS-33c2548d33d0,online gambling
PEDAS-deae2fcbaa8f,phishing
PEDAS-ee94547704ec,online gambling
PEDAS-d5a2a7a80ff9,phishing
PEDAS-e597d723ec79,other
PEDAS-04cb55f3ca2b,online gambling
PEDAS-323119d1c420,online gambling
PEDAS-69b01d960cdd,phishing
PEDAS-f4740a3689cf,phishing
PEDAS-bacaf28bcd3d,online gambling
PEDAS-8be178c02701,online gambling
PEDAS-06c9e6dafff7,online gambling
PEDAS-854709277096,online gambling
PEDAS-6a9f1c17b117,phishing
PEDAS-265ddddc2891,online gambling
PEDAS-84b53c74782f,online gambling
PEDAS-5bde770dc1d9,phishing
PEDAS-82483521edf6,online gambling
PEDAS-78c228215d3f,phishing
PEDAS-85cd0e98b201,online gambling
PEDAS-160a219fb6fe,online gambling
PEDAS-233469ca45a0,phishing
PEDAS-643b0e2f4f1c,online gambling
PEDAS-f464539d9136,phishing
PEDAS-ca6a86017baf,online gambling
PEDAS-8eeb1bb278f9,online gambling
PEDAS-dda3994deba4,online gambling
PEDAS-0a9672ecf433,online gambling
PEDAS-32f1c9b869db,other
PEDAS-05e989c87b87,online gambling
PEDAS-b3e588d9f887,online gambling
PEDAS-488c19c624dc,online gambling
PEDAS-068276a9551d,other
PEDAS-1c0dcc2041c1,online gambling
PEDAS-bde4bbf8515f,online gambling
PEDAS-fe7702d67991,phishing
PEDAS-a3484623d0a0,phishing
PEDAS-fdb74c2a611e,online gambling
PEDAS-2119e1f489a7,online gambling
PEDAS-4d0b99d3d29a,other
PEDAS-de67a40a0c59,phishing
PEDAS-2a6df560d4b7,online gambling
PEDAS-98c63d3a3460,online gambling
PEDAS-50d0ffc6e5bd,phishing
PEDAS-1c644e194c80,online gambling
PEDAS-760bfa66d415,online gambling
PEDAS-332794e81f06,other
PEDAS-c2982ca6db49,online gambling
PEDAS-b15121ef3e43,online gambling
PEDAS-65589869bff0,online gambling
PEDAS-87616d9f324e,online gambling
PEDAS-cdf733903e77,online gambling
PEDAS-ceed532f4ad4,phishing
PEDAS-42602e792b80,online gambling
PEDAS-e94149b36b1b,online gambling
PEDAS-555eabc123e9,online gambling
PEDAS-2445d5553824,online gambling
PEDAS-3c974ed9928b,phishing
PEDAS-96e2b485c2a2,other
PEDAS-fac1ab446ceb,online gambling
PEDAS-5059a3931408,online gambling
PEDAS-88224d80b52b,online gambling
PEDAS-8c42221db023,online gambling
PEDAS-29582135c4ae,phishing
PEDAS-07b1de59180c,phishing
PEDAS-aa6e2553e2e6,phishing
PEDAS-f6e527afbcad,phishing
PEDAS-55dad6c86421,phishing
PEDAS-d890d4cc09f2,online gambling
PEDAS-c1f36c530d85,online gambling
PEDAS-bfff6c36a1d4,phishing
PEDAS-b8fb221bc888,online gambling
PEDAS-3d575848671f,phishing
PEDAS-703f12958b5a,online gambling
PEDAS-821b0988069c,online gambling
PEDAS-55af0f739ca9,brand
PEDAS-40bd823ba8d9,phishing
PEDAS-205fa16fb3f0,online gambling
PEDAS-c46d6a19e17c,online gambling
PEDAS-330574c4a9bf,online gambling
PEDAS-7216c135861b,spam
PEDAS-8894fcf1f6eb,online gambling
PEDAS-509c54328760,phishing
PEDAS-d79ba68802d6,online gambling
PEDAS-af95f89015ac,online gambling
PEDAS-610afa2565e7,online gambling
PEDAS-401d2f22e69f,malware
PEDAS-aa293c06d2d6,online gambling
PEDAS-57dc5d932bcf,online gambling
PEDAS-440c2e2ef63a,online gambling
PEDAS-3e24438adadb,online gambling
PEDAS-dacb5da21a28,online gambling
PEDAS-5514d8aac66d,online gambling
PEDAS-03b7dcc72145,online gambling
PEDAS-c954f91b41d3,online gambling
PEDAS-455a14f153d4,online gambling
PEDAS-e64bb584db93,online gambling
PEDAS-9480b8998427,online gambling
PEDAS-ce53f3834bce,phishing
PEDAS-3062323255f7,online gambling
PEDAS-260820f3ad7d,online gambling
PEDAS-d7cdf9c7d53a,other
PEDAS-532dbdc189ea,online gambling
PEDAS-bf765ffcb37d,phishing
PEDAS-dc130b8b6ec0,phishing
PEDAS-009bc67e1b60,online gambling
PEDAS-75bb1abde0a9,online gambling
PEDAS-54aa26431d0e,online gambling
PEDAS-7cbc3290535d,online gambling
PEDAS-2b2593d708e9,online gambling
PEDAS-41a01531e3e7,online gambling
PEDAS-f4375a23aef2,phishing
PEDAS-40ed8418a952,phishing
PEDAS-f25b38f6090d,online gambling
PEDAS-101d5410cab3,online gambling
PEDAS-54a843ab8ca8,online gambling
PEDAS-df623f580214,online gambling
PEDAS-edcedc2a7dd7,online gambling
PEDAS-68787809eebb,online gambling
PEDAS-c2b1eb60fd3e,online gambling
PEDAS-a16def768c3f,phishing
PEDAS-070d34e30e45,online gambling
PEDAS-7cfcb84ec276,phishing
PEDAS-f0bc3856f969,phishing
PEDAS-f9d04fbd86fb,phishing
PEDAS-0d780cce338f,online gambling
PEDAS-886a59c8e13d,online gambling
PEDAS-17510c9b3184,online gambling
PEDAS-c15ceb3ef1da,online gambling
PEDAS-de6d46641252,spam
PEDAS-22a65d3c1b46,online gambling
PEDAS-8cb03b4be509,phishing
PEDAS-4d852b61d0f4,online gambling
PEDAS-60d9ff12f38e,online gambling
PEDAS-3853b9725022,online gambling
PEDAS-28cecc826f74,phishing
PEDAS-d347390ee59a,online gambling
PEDAS-573f8a814bdf,online gambling
PEDAS-0fb326842d60,online gambling
PEDAS-5a7487b5616c,online gambling
PEDAS-3a0da84375b3,phishing
PEDAS-d5196c41a7ec,phishing
PEDAS-c346d340b47d,phishing
PEDAS-c6771d3a34bf,phishing
PEDAS-fbb9dfc15366,online gambling
PEDAS-59ebbcd3d7cd,online gambling
PEDAS-223830df4d72,online gambling
PEDAS-ad4f8800ba76,online gambling
PEDAS-701cc56d06ff,online gambling
PEDAS-da310a5c57b5,online gambling
PEDAS-431bef397183,online gambling
PEDAS-f0dc66dd2fe6,phishing
PEDAS-cb3b5ef4b450,online gambling
PEDAS-4f337b35ccc5,online gambling
PEDAS-8f20c79c3e82,online gambling
PEDAS-6b8aa2a65e14,online gambling
PEDAS-3c7f1994bbcd,phishing
PEDAS-174bc1986b6d,phishing
PEDAS-55adf73d2b69,online gambling
PEDAS-1607178d72f3,spam
PEDAS-f8e4925f0a4e,phishing
PEDAS-0145d3dadcec,phishing
PEDAS-f4ec99a5e69c,online gambling
PEDAS-fa219007c219,phishing
PEDAS-4d9242e6117c,other
PEDAS-b543723f3e74,online gambling
PEDAS-a8b27d579b48,online gambling
PEDAS-e8655b4950bf,online gambling
PEDAS-beed66d68113,other
PEDAS-7ff1b4d9a0dd,online gambling
PEDAS-acb1c8806ca8,other
PEDAS-9d7752c47c88,online gambling
PEDAS-b4cb48f82901,phishing
PEDAS-09d001614993,phishing
PEDAS-0c96650c668d,phishing
PEDAS-456c90c7c333,online gambling
PEDAS-cc96ec91abbd,phishing
PEDAS-7c8491361140,phishing
PEDAS-e8c2320f7c68,online gambling
PEDAS-d64d5d61e161,spam
PEDAS-bad827f5e584,phishing
PEDAS-c6f19b98d878,online gambling
PEDAS-5e753d60d63b,online gambling
PEDAS-6bfcfdbf0694,online gambling
PEDAS-1c629a1bd379,online gambling
PEDAS-14248415b5a1,other
PEDAS-4fde0286a079,phishing
PEDAS-2e5f59aad992,online gambling
PEDAS-b0c7d08657f6,online gambling
PEDAS-e60c052f9396,phishing
PEDAS-b0b8b18369c9,online gambling
PEDAS-7b036957fb27,online gambling
PEDAS-02b1a7470f24,online gambling
PEDAS-96032528bbd3,phishing
PEDAS-3ac551fa196d,phishing
PEDAS-3ca02acfb970,phishing
PEDAS-5983a125bbcf,phishing
PEDAS-61ae56039e47,phishing
PEDAS-3a3fe7b1a711,phishing
PEDAS-6cffc59dfdae,online gambling
PEDAS-c1368a9cb2aa,piiexposure
PEDAS-ef327da149d3,online gambling
PEDAS-62459b9dbb8a,phishing
PEDAS-cd7522f1d73c,online gambling
PEDAS-2d1c2959ef9c,online gambling
PEDAS-aeaf1ec898af,online gambling
PEDAS-c6e842be8613,phishing
PEDAS-3cba0a06ebed,online gambling
PEDAS-14e1dd9512c8,online gambling
PEDAS-f3c1a1dd3761,phishing
PEDAS-2a6e127feb33,online gambling
PEDAS-0fb625bcb2a7,online gambling
PEDAS-b8e5aa970b42,online gambling
PEDAS-1c041d99c216,phishing
PEDAS-83f173860851,phishing
PEDAS-0b19fc1112dd,online gambling
PEDAS-46d47d35d5d3,phishing
PEDAS-5aa93aac9590,online gambling
PEDAS-38a938b5c5f8,online gambling
PEDAS-7435cf1113fe,spam
PEDAS-0c4b1ae4b811,online gambling
PEDAS-b62ae6f89fd3,online gambling
PEDAS-dfd273a19fe3,online gambling
PEDAS-560ef69ad4d0,phishing
PEDAS-a0097d375aa2,online gambling
PEDAS-d0e4301e4b6f,online gambling
PEDAS-e18921f0aa2f,online gambling
PEDAS-e9ad05d17ac2,online gambling
PEDAS-7c15807ae6a9,online gambling
PEDAS-d448e136137e,online gambling
PEDAS-ea3dd3cd868e,online gambling
PEDAS-cda863a6ac78,phishing
PEDAS-897264bbcefd,spam
PEDAS-0c201a6a01ec,online gambling
PEDAS-8e316f60934b,phishing
PEDAS-92c2b62bee87,phishing
PEDAS-afe4d8a50ab5,online gambling
PEDAS-43efbcb80db6,phishing
PEDAS-61dfc61da630,online gambling
PEDAS-2485adeb42ec,online gambling
PEDAS-9dae9fd23875,phishing
PEDAS-a151cadcd60e,online gambling
PEDAS-5fcc55d45abb,online gambling
PEDAS-be24eb8f1803,online gambling
PEDAS-38d19fe7c0de,online gambling
PEDAS-9b626504bc4c,spam
PEDAS-2b4874238220,online gambling
PEDAS-3ec8a35b1e18,online gambling
PEDAS-80e8dd75410f,online gambling
PEDAS-b090064392ba,phishing
PEDAS-9fcad9502886,online gambling
PEDAS-2df5d0620936,online gambling
PEDAS-9700edc913d1,online gambling
PEDAS-1adc522c60ee,online gambling
PEDAS-20b5ca58765c,online gambling
PEDAS-18f8caa5f978,online gambling
PEDAS-51c275071e3c,online gambling
PEDAS-e09da1e423d5,online gambling
PEDAS-0af14d34487c,online gambling
PEDAS-bc0c678d58a7,online gambling
PEDAS-baa555dca5c4,online gambling
PEDAS-c32a3b92ea68,online gambling
PEDAS-62e3de3d5f02,online gambling
PEDAS-3f0c28c294e6,online gambling
PEDAS-1a128b492319,phishing
PEDAS-aa362594893d,online gambling
PEDAS-22f0c094a219,other
PEDAS-377276c3fa37,spam
PEDAS-1ec0aca07a96,online gambling
PEDAS-1547da48e5bb,online gambling
PEDAS-5493e748ec6a,online gambling
PEDAS-4341826ef1d9,phishing
PEDAS-a6ed7166e796,other
PEDAS-91939cb6a728,phishing
PEDAS-c18ce2238846,phishing
PEDAS-31ecb98eb01a,online gambling
PEDAS-4825c3e44f13,online gambling
PEDAS-a6338492fd2f,online gambling
PEDAS-db2d6d3410e1,online gambling
PEDAS-ebf2b429e97b,phishing
PEDAS-23493fb45ba3,online gambling
PEDAS-3cbbe762c400,online gambling
PEDAS-31f9b7823ede,phishing
PEDAS-103d46c48374,online gambling
PEDAS-c7292f71aaff,online gambling
PEDAS-a1b1d7a00dbf,online gambling
PEDAS-60cd1e9fedbb,online gambling
PEDAS-cba3f8159794,spam
PEDAS-1140b752d0b6,phishing
PEDAS-8092f0d4a511,online gambling
PEDAS-a99b127ad33d,online gambling
PEDAS-fb373736a243,phishing
PEDAS-1785b7242edf,online gambling
PEDAS-fc377fa67db4,other
PEDAS-97438ad79c52,online gambling
PEDAS-aeb74540c31c,malware
PEDAS-229b9349c704,online gambling
PEDAS-9c4f2d3ae781,phishing
PEDAS-63f5f85ef797,online gambling
PEDAS-b69090650da8,online gambling
PEDAS-40f6c07b3def,phishing
PEDAS-097060efc67f,online gambling
PEDAS-ff1142a5db77,online gambling
PEDAS-8c78acca61d4,phishing
PEDAS-8d092af5be53,online gambling
PEDAS-e37111703319,online gambling
PEDAS-2942bef17851,online gambling
PEDAS-e7594dec503a,online gambling
PEDAS-4868080ee1cc,phishing
PEDAS-4034b940a1fb,online gambling
PEDAS-9ccfd1ae3f07,phishing
PEDAS-81a2a14e8088,online gambling
PEDAS-56d419f91c8d,online gambling
PEDAS-d05340b6971c,malware
PEDAS-ddb3eee1ab40,online gambling
PEDAS-fe1c8e4db6dc,online gambling
PEDAS-2ee99c531746,online gambling
PEDAS-2704db2fcf20,online gambling
PEDAS-967fb62939c3,online gambling
PEDAS-93fc47c15ebf,online gambling
PEDAS-85a0b87aabfd,online gambling
PEDAS-e4c85e49d04a,online gambling
PEDAS-df7f771ace17,phishing
PEDAS-e0718fa26995,phishing
PEDAS-9856b0fc2a27,spam
PEDAS-6db16e2e6e75,phishing
PEDAS-64373b4a1262,online gambling
PEDAS-a665bd38a613,phishing
PEDAS-88815897a7f3,online gambling
PEDAS-6eba4bf595ed,online gambling
PEDAS-22210dc947ee,other
PEDAS-bda2df2da658,online gambling
PEDAS-0fda2b5f9bc2,online gambling
PEDAS-2f47453d7169,online gambling
PEDAS-02a4cf441a23,online gambling
PEDAS-661359fedac6,online gambling
PEDAS-336cbe6753e8,online gambling
PEDAS-048362dfbe29,online gambling
PEDAS-2460c744b32b,phishing
PEDAS-560115a78bd8,online gambling
PEDAS-8808c700ae48,online gambling
PEDAS-6a4c0f363b32,online gambling
PEDAS-4738545d8124,phishing
PEDAS-b85445b0e398,online gambling
PEDAS-17d90244fd28,online gambling
PEDAS-7017f08f6622,online gambling
PEDAS-c87b8a08ffcc,online gambling
PEDAS-22fd3c174ca7,online gambling
PEDAS-d56722f69817,online gambling
PEDAS-aea88a4e305a,online gambling
PEDAS-fd716b5266f8,phishing
PEDAS-db517155449c,online gambling
PEDAS-cc9769ed5b2f,online gambling
PEDAS-38ae0d8b65d7,phishing
PEDAS-4906197532ee,online gambling
PEDAS-5b44062696da,phishing
PEDAS-00dd1d943925,phishing
PEDAS-684349bb70f9,online gambling
PEDAS-0688e00486f7,online gambling
PEDAS-1779c63bf372,online gambling
PEDAS-9359145a9e84,phishing
PEDAS-835d51e227d7,online gambling
PEDAS-808ee3e7e929,online gambling
PEDAS-081c540f8fee,online gambling
PEDAS-6e465e77d0cf,phishing
PEDAS-39e34819503a,online gambling
PEDAS-31d0fa88ea5f,online gambling
PEDAS-99476d96f43a,phishing
PEDAS-8d0e7ebcf735,phishing
PEDAS-6aef7e03dc3a,online gambling
PEDAS-d1d5f23126f5,phishing
PEDAS-3cffb28293a6,online gambling
PEDAS-ba9933b0c7db,phishing
PEDAS-54613f8aed3e,spam
PEDAS-0f80c332f64e,online gambling
PEDAS-1b8eb82d0289,online gambling
PEDAS-78bd09d6c3af,phishing
PEDAS-c2d718f80165,phishing
PEDAS-7b0db7b50b51,phishing
PEDAS-0bc2cf98ce12,spam
PEDAS-aee294901311,online gambling
PEDAS-b61ac568b32d,online gambling
PEDAS-be3a1406c58e,online gambling
PEDAS-24efd11c857a,online gambling
PEDAS-1f13ed207e16,online gambling
PEDAS-2d590f76e9b0,other
PEDAS-0eeeda86ebfa,online gambling
PEDAS-e6e2daeb089f,online gambling
PEDAS-303d44274e48,online gambling
PEDAS-f548b458f642,online gambling
PEDAS-a87febce0799,online gambling
PEDAS-0aa5c8afec3c,online gambling
PEDAS-4ae1d5bf93f1,online gambling
PEDAS-ff916cf55c9a,online gambling
PEDAS-b3f5bb0919cd,online gambling
PEDAS-c1b4c4c9859f,online gambling
PEDAS-a69ad7332075,online gambling
PEDAS-6cd845be2b8d,online gambling
PEDAS-0d79643ff028,phishing
PEDAS-e4b7d1c82a4b,online gambling
PEDAS-6a26143b7366,online gambling
PEDAS-8e4d8ae208a4,online gambling
PEDAS-9d97fe6db3fe,phishing
PEDAS-1229bf950237,phishing
PEDAS-05f3e87ec8cf,phishing
PEDAS-2f2b7d20937d,online gambling
PEDAS-b8e7b91c2475,online gambling
PEDAS-c62064309273,online gambling
PEDAS-5d0371b68e0c,online gambling
PEDAS-13677c637922,phishing
PEDAS-6329f0c2fafb,phishing
PEDAS-a6f2b4d107a0,phishing
PEDAS-f4253e7003ae,phishing
PEDAS-f0b4ec6631c4,online gambling
PEDAS-299fb38651e0,online gambling
PEDAS-687a09908845,online gambling
PEDAS-8ab8523fed9f,phishing
PEDAS-e77ca14a489f,phishing
PEDAS-30b0b1dcc64c,online gambling
PEDAS-e2004de1091c,online gambling
PEDAS-91f74f281760,online gambling
PEDAS-831e4cee637e,online gambling
PEDAS-2922365c7a8c,online gambling
PEDAS-7a9bda969fe4,online gambling
PEDAS-92813853212b,online gambling
PEDAS-90fdf29d9a15,online gambling
PEDAS-c97f75ff902d,online gambling
PEDAS-5f99ea7883fb,phishing
PEDAS-ccfe80ce8972,online gambling
PEDAS-52cfdb4d2d90,phishing
PEDAS-4a54c96ab920,online gambling
PEDAS-4955b0e1b45d,online gambling
PEDAS-9028b30eb516,online gambling
PEDAS-7bb166e3f871,online gambling
PEDAS-97efd15b774d,online gambling
PEDAS-2412fac8df34,online gambling
PEDAS-564aa7804ea7,phishing
PEDAS-efb2d954cde7,phishing
PEDAS-5f50bbf324cd,phishing
PEDAS-85d12a24d00c,online gambling
PEDAS-7a559623dcbf,online gambling
PEDAS-aace115e1d48,online gambling
PEDAS-68225f7b107f,phishing
PEDAS-66432c5c943c,phishing
PEDAS-fd2556dac85f,online gambling
PEDAS-a73678990e08,online gambling
PEDAS-feccc6a32192,online gambling
PEDAS-ddc17314eb41,online gambling
PEDAS-da189f915102,online gambling
PEDAS-393128bbce9f,other
PEDAS-13e34cd01b52,online gambling
PEDAS-45b64faa7c83,phishing
PEDAS-a15cfe5f7d68,phishing
PEDAS-b7c7fa3e1712,online gambling
PEDAS-2e8dd376a0a1,phishing
PEDAS-a5bde615419e,phishing
PEDAS-75b1ba8cebf8,online gambling
PEDAS-51244dd0d9c0,phishing
PEDAS-ddc75e094de3,online gambling
PEDAS-2c90b08e300e,online gambling
PEDAS-9bbeb87fd1c7,online gambling
PEDAS-2b60d4ed2fbb,phishing
PEDAS-490fdfb9f4c6,online gambling
PEDAS-58cd28a45c36,spam
PEDAS-4c4b2dc081de,online gambling
PEDAS-f47d12de1118,online gambling
PEDAS-d123db653f5b,online gambling
PEDAS-7ebdd9c06abc,phishing
PEDAS-f594949c0ad0,online gambling
PEDAS-29a78b7143e3,online gambling
PEDAS-3e24ebfb011c,phishing
PEDAS-1fe407339982,online gambling
PEDAS-e09024b7a406,online gambling
PEDAS-58d5f8dc2e32,phishing
PEDAS-8af7220b6727,online gambling
PEDAS-82c006148c4e,online gambling
PEDAS-71494eaa3386,phishing
PEDAS-23db7bdf0fdc,online gambling
PEDAS-2adc328f3fb6,online gambling
PEDAS-937e57d78b3f,phishing
PEDAS-454353413e9f,online gambling
PEDAS-01a5a3d21493,other
PEDAS-64ba019c3e86,phishing
PEDAS-69d56dbf8831,online gambling
PEDAS-f52a9548a36a,online gambling
PEDAS-410bb2c63afb,online gambling
PEDAS-c1aa5391e4c5,phishing
PEDAS-b3e9f3ec6527,online gambling
PEDAS-8128e5da4be9,phishing
PEDAS-1ba40e94b325,online gambling
PEDAS-dd190e11d28a,online gambling
PEDAS-14398b8c0155,phishing
PEDAS-3d9a5ee36ae5,online gambling
PEDAS-c21b27004d4d,online gambling
PEDAS-c7719e03d613,online gambling
PEDAS-688f4fb48768,online gambling
PEDAS-c092239fda16,online gambling
PEDAS-36018b483a23,online gambling
PEDAS-c2180c4ccfb4,online gambling
PEDAS-561025da127e,online gambling
PEDAS-5456a6c2b37f,phishing
PEDAS-3875de8e1a1b,online gambling
PEDAS-2ce99e440607,online gambling
PEDAS-ef251246a50c,online gambling
PEDAS-594e770fbcc4,phishing
PEDAS-8c89ed2a3447,phishing
PEDAS-c50651c4c3ba,phishing
PEDAS-274eee15e7b7,malware
PEDAS-3165d44afbe0,online gambling
PEDAS-693d7aa0c104,phishing
PEDAS-819a160b1cbf,online gambling
PEDAS-aad71219bbb1,online gambling
PEDAS-740632b2e703,online gambling
PEDAS-8cfd46c749fe,online gambling
PEDAS-beb79290da8e,online gambling
PEDAS-f6079e6a2b15,online gambling
PEDAS-00f7920cd615,online gambling
PEDAS-72e1220b527f,online gambling
PEDAS-d080e1fa5af0,online gambling
PEDAS-bcd1d8f660ed,online gambling
PEDAS-996ba2632ee7,online gambling
PEDAS-728202fd0268,online gambling
PEDAS-a23a60c8a7fe,online gambling
PEDAS-5318d36fabca,online gambling
PEDAS-9513d5b1edd2,online gambling
PEDAS-16ba86c81089,phishing
PEDAS-f2cc8b72e486,online gambling
PEDAS-3494da6303a6,online gambling
PEDAS-4e99b9933fb9,online gambling
PEDAS-c397ab2bddf6,online gambling
PEDAS-93506f6aa51d,online gambling
PEDAS-3974a973842c,online gambling
PEDAS-30699934986d,online gambling
PEDAS-e31cc7d30e37,online gambling
PEDAS-825813932d27,online gambling
PEDAS-bf81f8a3a656,phishing
PEDAS-8eb49f1d1d1b,online gambling
PEDAS-9659385df40f,phishing
PEDAS-765267658154,phishing
PEDAS-c2fa99e34e43,phishing
PEDAS-ca39fb720d84,online gambling
PEDAS-d36e4e93f61b,phishing
PEDAS-7858acd9e215,online gambling
PEDAS-6703bb284da7,online gambling
PEDAS-b21469a68507,online gambling
PEDAS-7ea31712aec5,phishing
PEDAS-97290144d2a0,online gambling
PEDAS-373fdc8326bd,phishing
PEDAS-e056f526a488,phishing
PEDAS-a3878fd78fb6,malware
PEDAS-38ce1bd36827,online gambling
PEDAS-1eaf9617e18b,phishing
PEDAS-a768c1765d05,online gambling
PEDAS-afd58943f44b,other
PEDAS-1b551994bf1b,online gambling
PEDAS-e94de8b225df,online gambling
PEDAS-51fe4678c005,online gambling
PEDAS-7d4e74ce5d47,online gambling
PEDAS-85970c5e1512,online gambling
PEDAS-8a1d346501fc,malware
PEDAS-6da8defadaff,online gambling
PEDAS-20c16f730c64,online gambling
PEDAS-8b4a4f30ce73,phishing
PEDAS-2439f2a0271b,phishing
PEDAS-8d131c768a42,online gambling
PEDAS-67bab666b04c,brand
PEDAS-f5b03ec9f059,online gambling
PEDAS-ef69be71e154,other
PEDAS-62f627407ea1,phishing
PEDAS-8d6ef5ed44a2,phishing
PEDAS-de03798ba18c,online gambling
PEDAS-e625b7372125,phishing
PEDAS-6d25470e9eae,online gambling
PEDAS-d317e477a1b7,phishing
PEDAS-c072b7f96b6f,online gambling
PEDAS-149d424ba822,online gambling
PEDAS-b318ff81aa8c,online gambling
PEDAS-6db47714bb8a,online gambling
PEDAS-c1cdd57b45ea,phishing
PEDAS-1ab4d859f25d,online gambling
PEDAS-e89d639d5e93,phishing
PEDAS-645263fb1382,online gambling
PEDAS-f1708443d4d3,online gambling
PEDAS-720c3afbcfb8,online gambling
PEDAS-3342b5b6a07b,online gambling
PEDAS-b9fa988cf782,online gambling
PEDAS-7765967c983b,online gambling
PEDAS-f679ab822c8f,online gambling
PEDAS-66fa5616e3e6,online gambling
PEDAS-9382b69cd26b,online gambling
PEDAS-ea0ebb059ca9,phishing
PEDAS-8720fb12d5b7,online gambling
PEDAS-d30d3612b1a6,online gambling
PEDAS-b9653385172f,online gambling
PEDAS-490c8ade051d,phishing
PEDAS-c72358cea417,online gambling
PEDAS-5cf0e27801b2,online gambling
PEDAS-729f519d39ea,online gambling
PEDAS-df43cdc22567,phishing
PEDAS-7742e36a7df4,online gambling
PEDAS-f359a57fd3a4,brand
PEDAS-e8dbc0b7ad30,online gambling
PEDAS-844be2405af8,phishing
PEDAS-68007b4210ac,online gambling
PEDAS-9e1860aa1f6a,online gambling
PEDAS-5b03c97a409c,online gambling
PEDAS-4a3f396af244,online gambling
PEDAS-de35e4aa06f5,online gambling
PEDAS-d468c341b9d0,phishing
PEDAS-7477386b10b0,spam
PEDAS-1eac2c16eee6,phishing
PEDAS-944d42986efd,spam
PEDAS-3d66b808ab64,online gambling
PEDAS-df9dc5bad8ec,online gambling
PEDAS-87103610e4ed,online gambling
PEDAS-8f0a1feb2ea2,online gambling
PEDAS-e750d25cda34,phishing
PEDAS-a1d836562a2e,online gambling
PEDAS-1353508bd67d,online gambling
PEDAS-f936a4eb551a,online gambling
PEDAS-e711c35f6fcd,phishing
PEDAS-deaebc988fe1,online gambling
PEDAS-1fc3e2e48582,online gambling
PEDAS-a6e62ffa9db6,online gambling
PEDAS-aff2a9b0354d,phishing
PEDAS-48134deea6d4,phishing
PEDAS-e29d0c78073d,online gambling
PEDAS-d83f1a6a3465,spam
PEDAS-a57426995606,phishing
PEDAS-d2178bb36be2,phishing
PEDAS-90fa806a2b7c,online gambling
PEDAS-7cfa13929e24,other
PEDAS-995313bd822c,online gambling
PEDAS-894319ed61aa,online gambling
PEDAS-2f46cccf476b,phishing
PEDAS-9ccb9a8b6ec1,phishing
PEDAS-fc76bc4f80d7,phishing
PEDAS-e6d658341bd9,phishing
PEDAS-70fb5df8874b,online gambling
PEDAS-d795b702c359,phishing
PEDAS-db71937a537e,phishing
PEDAS-81f76b8498d1,phishing
PEDAS-bdd5322a416c,online gambling
PEDAS-44140cc97856,phishing
PEDAS-e5361bc2a82c,online gambling
PEDAS-c9492ea887f6,online gambling
PEDAS-a3358a81f9e2,phishing
PEDAS-fdfbf28a0503,online gambling
PEDAS-26337fab0158,phishing
PEDAS-ae6dd722b653,online gambling
PEDAS-5ad90660b393,phishing
PEDAS-d067301df32c,online gambling
PEDAS-0c2948959a30,phishing
PEDAS-c1e3c1449905,malware
PEDAS-a975c8919f9d,online gambling
PEDAS-7ef56014dd7d,online gambling
PEDAS-6cf0442b173f,online gambling
PEDAS-16188611d3d5,brand
PEDAS-b8b652a636ba,online gambling
PEDAS-29b18dc2012f,online gambling
PEDAS-b35539db03ef,online gambling
PEDAS-98e10adea717,phishing
PEDAS-80b3269cea17,phishing
PEDAS-68162df5152e,online gambling
PEDAS-22479fdec35d,online gambling
PEDAS-ef3fe2fb6e93,online gambling
PEDAS-20c6ee7e5682,online gambling
PEDAS-f5ec6aa0d918,online gambling
PEDAS-2f21775bcebe,online gambling
PEDAS-c3e96fd118d3,online gambling
PEDAS-d3f55f4c2ce9,online gambling
PEDAS-f81e1c5e2865,online gambling
PEDAS-29a1ab78ed7f,phishing
PEDAS-971e15a416ea,online gambling
PEDAS-60eac14e5129,online gambling
PEDAS-9f48f3b8a5ab,online gambling
PEDAS-40f993bb2875,spam
PEDAS-261248a45350,phishing
PEDAS-f2097ddc961f,phishing
PEDAS-8074e662a52e,online gambling
PEDAS-0c3594ee3e65,online gambling
PEDAS-24cad054e2d2,online gambling
PEDAS-1dcef6ab88ef,online gambling
PEDAS-6d98528a0baa,online gambling
PEDAS-5c9203c51514,online gambling
PEDAS-dd66e565dfc8,online gambling
PEDAS-7364bbb5f64c,online gambling
PEDAS-917ef2a0375d,phishing
PEDAS-c6a4cb3a5da7,malware
PEDAS-bbe296a66ede,phishing
PEDAS-219608aa13c6,online gambling
PEDAS-1f74e50c894b,phishing
PEDAS-3ceb6a702623,online gambling
PEDAS-dee7c8fc9911,online gambling
PEDAS-71254c8bdf82,online gambling
PEDAS-95d769403df5,online gambling
PEDAS-ed77bd42c605,malware
PEDAS-65f763c68160,phishing
PEDAS-60c65370db9d,online gambling
PEDAS-b169b9417fd9,phishing
PEDAS-c40beefff204,phishing
PEDAS-02381371f28a,online gambling
PEDAS-32daf8b010ec,online gambling
PEDAS-a224545af447,online gambling
PEDAS-d8bff40782b4,online gambling
PEDAS-e4b001cd8394,online gambling
PEDAS-969b3a86dad0,phishing
PEDAS-2e0af83606ee,online gambling
PEDAS-bc653bfaf7f4,online gambling
PEDAS-656707bcd2fd,online gambling
PEDAS-df1f4513f780,phishing
PEDAS-bcd0c3b4a322,online gambling
PEDAS-9e94ce5814b8,online gambling
PEDAS-4f560811c7f5,online gambling
PEDAS-c657303300dd,malware
PEDAS-cf0c554cb0c1,phishing
PEDAS-8465ba883046,online gambling
PEDAS-de30911ad144,spam
PEDAS-ba9e0b6a71c3,online gambling
PEDAS-5ca56b9d0f9c,online gambling
PEDAS-0d0e7c35cc70,phishing
PEDAS-16ce470a8aff,other
PEDAS-dcd4c29b63f9,online gambling
PEDAS-d139d4c7f399,online gambling
PEDAS-a8f88140e4ec,online gambling
PEDAS-278306977586,online gambling
PEDAS-a3963866e81b,online gambling
PEDAS-dc1557fa5cd3,online gambling
PEDAS-7021d987a060,online gambling
PEDAS-f7c2996be0e4,online gambling
PEDAS-f94ba846a83f,online gambling
PEDAS-e5d4f9fb2362,online gambling
PEDAS-86bd53268493,online gambling
PEDAS-7247790b6623,online gambling
PEDAS-2fb6c153d9c4,online gambling
PEDAS-ce102a60a591,online gambling
PEDAS-f4e7a02fcb47,online gambling
PEDAS-de24072bf3a6,phishing
PEDAS-06152ddda337,online gambling
PEDAS-a8aa4c03eeee,phishing
PEDAS-9df59f49873d,online gambling
PEDAS-6b5f6eb6e028,phishing
PEDAS-92251e2582b1,phishing
PEDAS-6fb743478a3c,online gambling
PEDAS-601eea68cf0f,online gambling
PEDAS-ac44d62140f6,phishing
PEDAS-6712965a9649,online gambling
PEDAS-4ca01b1d7610,online gambling
PEDAS-a1c7aed67f30,phishing
PEDAS-142ae183539c,phishing
PEDAS-98d5eef64dbe,online gambling
PEDAS-edde8816c5ca,online gambling
PEDAS-574328d9beb6,online gambling
PEDAS-83c9c993f2af,phishing
PEDAS-de9fe813e38a,online gambling
PEDAS-d0a9146db997,online gambling
PEDAS-3e983a2c0525,online gambling
PEDAS-992a81454d40,online gambling
PEDAS-365a2e19cbcd,online gambling
PEDAS-39687ca05d1c,online gambling
PEDAS-393e78494b78,online gambling
PEDAS-0d318388b631,online gambling
PEDAS-7173e47c0b9c,online gambling
PEDAS-59938ed08c2a,online gambling
PEDAS-6bea0e20dec5,online gambling
PEDAS-ddd1d257c419,online gambling
PEDAS-b6b1715a872b,spam
PEDAS-8cb2dac01454,phishing
PEDAS-277927867f87,phishing
PEDAS-d014ef8f3e75,online gambling
PEDAS-d03db2f484ac,phishing
PEDAS-04f5d2f1fc7b,online gambling
PEDAS-3d6997d021aa,online gambling
PEDAS-0bafa497f56e,online gambling
PEDAS-d031f933a9e3,online gambling
PEDAS-ad9be87e7ee9,online gambling
PEDAS-640505905c74,phishing
PEDAS-db315aec5091,online gambling
PEDAS-49d582fc1326,phishing
PEDAS-5d5c12828667,online gambling
PEDAS-539dc2500e72,malware
PEDAS-460e83bd1514,online gambling
PEDAS-affa4ccae9f2,phishing
PEDAS-65c94270e30b,online gambling
PEDAS-76691856753e,phishing
PEDAS-7d2cd0e2c918,other
PEDAS-623517e1d230,online gambling
PEDAS-ec67677ed324,online gambling
PEDAS-46a81d565677,malware
PEDAS-797cfeb49451,online gambling
PEDAS-dd340e7bf9f4,online gambling
PEDAS-76502021ed4f,online gambling
PEDAS-8d56bb138411,online gambling
PEDAS-61a98bd7005e,online gambling
PEDAS-f5d791bbb6a2,online gambling
PEDAS-7e32a8b015c4,phishing
PEDAS-de6f13611ab7,online gambling
PEDAS-329b5ccee044,phishing
PEDAS-78d6d0a82f18,online gambling
PEDAS-73af6316b4c4,online gambling
PEDAS-0ab09c952c17,online gambling
PEDAS-ea1b1e65c72a,phishing
PEDAS-aacacef6c4a6,online gambling
PEDAS-b07e631ffd29,phishing
PEDAS-02b9c7f1acd0,online gambling
PEDAS-d4b754c34bec,phishing
PEDAS-5e10e950bd40,online gambling
PEDAS-d23c4353de0b,online gambling
PEDAS-85e3d24811e4,online gambling
PEDAS-4b861f42901d,online gambling
PEDAS-5670d0663607,online gambling
PEDAS-3447678a6536,other
PEDAS-04f05bcc8f31,other
PEDAS-c0cb324f1187,online gambling
PEDAS-77ea9944511b,other
PEDAS-f98c860d82a8,spam
PEDAS-dcab72cbda49,malware
PEDAS-52815ce37de8,spam
PEDAS-7e4d392f0cdc,phishing
PEDAS-be8a870d24d6,phishing
PEDAS-dbce4b295cc4,online gambling
PEDAS-70f14c4002bf,online gambling
PEDAS-5e129231758b,phishing
PEDAS-2019a32adcc3,online gambling
PEDAS-b928e2acf30a,other
PEDAS-7ef786caab56,phishing
PEDAS-d992ad4fd9c7,online gambling
PEDAS-76c2e4a9eb1b,online gambling
PEDAS-148375293b78,online gambling
PEDAS-4b038ac23f19,online gambling
PEDAS-f36d3365b2df,online gambling
PEDAS-241a14fb93dc,online gambling
PEDAS-a39ab5ffb0c8,online gambling
PEDAS-13dd1184ef1c,malware
PEDAS-ccff9c93eba7,online gambling
PEDAS-6794d5d47665,online gambling
PEDAS-0193e9472012,online gambling
PEDAS-5f60b0efae52,online gambling
PEDAS-535997d0e770,phishing
PEDAS-c4fa552b0d0a,phishing
PEDAS-ed372b856342,online gambling
PEDAS-3c24a5460c81,online gambling
PEDAS-98fbd0412e7d,spam
PEDAS-a68209e8dcde,phishing
PEDAS-52e6e63de52e,online gambling
PEDAS-c060e8d179c5,online gambling
PEDAS-d6dda30cf27d,online gambling
PEDAS-30dec0738fcb,online gambling
PEDAS-790662b4ccd2,online gambling
PEDAS-eb833b7ad492,online gambling
PEDAS-cd7a4d4b16ff,online gambling
PEDAS-ddffe72f1330,phishing
PEDAS-2c8df4e58823,online gambling
PEDAS-0c0cd4d0939b,phishing
PEDAS-f2298cb7b09c,online gambling
PEDAS-48ced480cf17,online gambling
PEDAS-ffba8921a5ad,phishing
PEDAS-259c54cdc9ef,online gambling
PEDAS-70d89705485d,online gambling
PEDAS-22a2e84614e1,phishing
PEDAS-58ce4e6f02b2,phishing
PEDAS-c00c5773f606,spam
PEDAS-2b8e341da2c4,online gambling
PEDAS-c6bbbf5adea3,other
PEDAS-e029ae7adb83,online gambling
PEDAS-7e01e0e4b578,phishing
PEDAS-049b6497ce4b,online gambling
PEDAS-09b883b18135,online gambling
PEDAS-12b668f8b3f3,online gambling
PEDAS-f26187305841,online gambling
PEDAS-1ca3b3460d10,online gambling
PEDAS-08b8b56e9e1f,online gambling
PEDAS-c0273a19dfa3,online gambling
PEDAS-adf9a424418b,online gambling
PEDAS-6c7901a4a620,online gambling
PEDAS-001da05a8dda,online gambling
PEDAS-7f20076847f4,online gambling
PEDAS-af55c5c75b63,online gambling
PEDAS-ae497ff77218,online gambling
PEDAS-205166f5b220,online gambling
PEDAS-48633dc2b330,online gambling
PEDAS-01cecc93d612,online gambling
PEDAS-7aa1f9da641f,phishing
PEDAS-dbe371294f00,phishing
PEDAS-0268a6f4d35f,phishing
PEDAS-d8968dff1d2e,online gambling
PEDAS-14cb9d8eac50,online gambling
PEDAS-b48912f30176,phishing
PEDAS-29d695ed0889,online gambling
PEDAS-4a00b4ce4250,online gambling
PEDAS-81045533f17e,online gambling
PEDAS-01bb3dc61136,phishing
PEDAS-fe4a8aa1646e,phishing
PEDAS-ec41421efc12,online gambling
PEDAS-938ab407c71a,online gambling
PEDAS-0e1032a9d432,online gambling
PEDAS-2a5e8f981492,online gambling
PEDAS-d86aa86733ef,online gambling
PEDAS-09c066da7120,online gambling
PEDAS-ba6848512c99,phishing
PEDAS-485009b3cdef,online gambling
PEDAS-c5fce0a53a2e,phishing
PEDAS-05abae8839ed,phishing
PEDAS-deeb3c691964,online gambling
PEDAS-037750844992,online gambling
PEDAS-24e797bea3f8,online gambling
PEDAS-875dd39b1f2a,online gambling
PEDAS-baf48832e16c,online gambling
PEDAS-e27efaf27eda,online gambling
PEDAS-282cf62f98da,online gambling
PEDAS-351c3629e848,online gambling
PEDAS-72a6ad1cb416,online gambling
PEDAS-bc2644f9f8b3,online gambling
PEDAS-22773fe9545e,online gambling
PEDAS-6fc6b9712023,other
PEDAS-414684f03be4,online gambling
PEDAS-455ec3678988,phishing
PEDAS-12cf94cf97bd,online gambling
PEDAS-6742c3621885,online gambling
PEDAS-8cf1e9d649cc,phishing
PEDAS-eb83d778beca,online gambling
PEDAS-331676900166,brand
PEDAS-51aa7c92c950,online gambling
PEDAS-39d76ddf6023,phishing
PEDAS-b4ed0c7d02eb,other
PEDAS-7325b0498fc0,phishing
PEDAS-b1a7c2f9f2f7,online gambling
PEDAS-52fb7c357b00,online gambling
PEDAS-6f105e4f733a,online gambling
PEDAS-7925a2b42adc,online gambling
PEDAS-6874c12c3e17,phishing
PEDAS-eff5fba3b67f,other
PEDAS-a246975b07b3,phishing
PEDAS-4159f74e9e0a,online gambling
PEDAS-3013f59167bf,online gambling
PEDAS-0dfe6537f0e1,online gambling
PEDAS-8c879f90579c,online gambling
PEDAS-5b1ff358da78,brand
PEDAS-875211d6d42e,online gambling
PEDAS-10c642ccedc5,online gambling
PEDAS-ece0d54ca44f,online gambling
PEDAS-e0fe9cca186c,online gambling
PEDAS-8b8c3375ca07,online gambling
PEDAS-f2d42a4dec17,online gambling
PEDAS-ba912e990605,online gambling
PEDAS-9b2c94b2bf6c,phishing
PEDAS-3dd8855d3a3d,online gambling
PEDAS-860debe7e07f,phishing
PEDAS-b1c21a294def,spam
PEDAS-e1d2f3a0a49b,online gambling
PEDAS-d310d57eb90f,phishing
PEDAS-d277165ab2c3,brand
PEDAS-f3b8d9b6ecb9,online gambling
PEDAS-c40af7d5d95d,online gambling
PEDAS-f1eb984270b2,online gambling
PEDAS-e00bbe1138ad,online gambling
PEDAS-59b8051371a6,phishing
PEDAS-de73ef915911,phishing
PEDAS-00cf1a944fe4,online gambling
PEDAS-af9eeb40c838,online gambling
PEDAS-67b74cf72d53,phishing
PEDAS-0e1a7af56fd7,phishing
PEDAS-72488d778f00,online gambling
PEDAS-daa04fd01508,online gambling
PEDAS-4ed3b71cf254,phishing
PEDAS-cabe67c59a00,online gambling
PEDAS-e9b44cebaa5b,phishing
PEDAS-7397d884f8b3,online gambling
PEDAS-bf683e2cc454,malware
PEDAS-4bfaad6d0acc,fakeshop
PEDAS-5b1295178644,brand
PEDAS-e456cc0b821d,online gambling
PEDAS-ca6f4d7e7b5c,online gambling
PEDAS-01422959de8a,phishing
PEDAS-d1e8124c1f94,online gambling
PEDAS-e7dea6a34dea,phishing
PEDAS-e4786731dc5d,online gambling
PEDAS-6a303235b97d,malware
PEDAS-d231619584a1,phishing
PEDAS-e7e3bc30073c,online gambling
PEDAS-ceaf4153f20a,phishing
PEDAS-b1e3e91364b1,online gambling
PEDAS-0cc07dc32c01,phishing
PEDAS-80f2ee74b0ff,online gambling
PEDAS-5f72a523b5c6,online gambling
PEDAS-e033c5441912,online gambling
PEDAS-2bc4748b0650,online gambling
PEDAS-132d2184c71f,phishing
PEDAS-a5e278f10d23,phishing
PEDAS-3a1ea9b78ef6,online gambling
PEDAS-fe3dbd99f1ba,online gambling
PEDAS-46456d0a48d8,online gambling
PEDAS-e2fee6034438,online gambling
PEDAS-112a9545f41c,online gambling
PEDAS-6bdcd7f324c2,online gambling
PEDAS-27b0bcf34518,online gambling
PEDAS-205a1b9ed580,other
PEDAS-e4bab4e89ba3,spam
PEDAS-9769bf47d6d3,phishing
PEDAS-eb79601ba84d,online gambling
PEDAS-f3ead0735208,phishing
PEDAS-af1a39e1f1d0,phishing
PEDAS-53975098758f,malware
PEDAS-73ee344414f6,online gambling
PEDAS-ca111ab30ff7,online gambling
PEDAS-23b7f5bad220,phishing
PEDAS-e5be4bd72ab1,phishing
PEDAS-9beca34ac76d,phishing
PEDAS-01507b914537,online gambling
PEDAS-cb0f80bf873c,spam
PEDAS-6f6b756c0bd4,online gambling
PEDAS-853a6b520dbb,online gambling
PEDAS-94cb6d756cd0,online gambling
PEDAS-c57c245c93ca,online gambling
PEDAS-5f1aff06caaa,online gambling
PEDAS-55e374b8f419,online gambling
PEDAS-8d81e8470953,online gambling
PEDAS-65f0e4de140b,online gambling
PEDAS-aa168b2615d7,phishing
PEDAS-2d3423698a61,online gambling
PEDAS-47d47f1ab4e5,online gambling
PEDAS-56eb4bce3211,online gambling
PEDAS-0224bc6d0b5e,online gambling
PEDAS-cd441a383e21,online gambling
PEDAS-2533dca2bde3,online gambling
PEDAS-47cb829f32e3,phishing
PEDAS-48a256154f30,phishing
PEDAS-59448e154175,online gambling
PEDAS-444cacf9bf04,online gambling
PEDAS-3f4aec53ec82,malware
PEDAS-187e3198d33b,online gambling
PEDAS-6e58645c1f94,online gambling
PEDAS-327360fb272f,online gambling
PEDAS-6173ccaaa258,phishing
PEDAS-642f81d873fc,online gambling
PEDAS-562c436b6208,online gambling
PEDAS-bdaf551dac4a,online gambling
PEDAS-cebf2e88072c,phishing
PEDAS-bf70bb214da3,other
PEDAS-c114ef523b93,online gambling
PEDAS-5b7715ab14f9,online gambling
PEDAS-b43b85af45e7,online gambling
PEDAS-e7cfa57db4ab,online gambling
PEDAS-2cbbc8800e1f,online gambling
PEDAS-04a283625503,online gambling
PEDAS-d4a5e5fdbd68,online gambling
PEDAS-da982cfb4c59,online gambling
PEDAS-2dd066f2f174,phishing
PEDAS-5f1fc4e12dc0,online gambling
PEDAS-451f3483f5b8,online gambling
PEDAS-c52351a712b5,online gambling
PEDAS-f2a2cfb09e39,online gambling
PEDAS-d8780bce577e,online gambling
PEDAS-babd1bb8c42f,online gambling
PEDAS-17274be112d7,online gambling
PEDAS-c387f92e3c72,phishing
PEDAS-ac7e762f1277,phishing
PEDAS-a5e57c04aacf,online gambling
PEDAS-81bb8a0e73c3,online gambling
PEDAS-0e3a06de7e05,phishing
PEDAS-db3d6f53d5c5,online gambling
PEDAS-c0859c37ee2d,online gambling
PEDAS-3b365897c161,phishing
PEDAS-9cf3d7c519d8,online gambling
PEDAS-a4afc752308e,online gambling
PEDAS-c2309607419b,phishing
PEDAS-394a7bad43c0,online gambling
PEDAS-d95afff5ab7f,online gambling
PEDAS-40a87d28fc40,phishing
PEDAS-6dc5116f0a52,phishing
PEDAS-a1a395a777b4,online gambling
PEDAS-6d3b11bf1832,online gambling
PEDAS-a1d2ecfda7db,phishing
PEDAS-3dd7763db4b9,online gambling
PEDAS-172de9792c5b,online gambling
PEDAS-989147ea92fa,spam
PEDAS-f2cb309711fe,online gambling
PEDAS-b805e7f22039,phishing
PEDAS-f9c3aee1c0ff,online gambling
PEDAS-b19b85754f2a,online gambling
PEDAS-52ca073fb780,online gambling
PEDAS-370e1ba4447b,online gambling
PEDAS-308350b28cb7,online gambling
PEDAS-3ccc5e120b20,phishing
PEDAS-f9c318b1c2de,online gambling
PEDAS-c0956d51d516,online gambling
PEDAS-9b51ebb6f233,online gambling
PEDAS-179faad6bd7e,phishing
PEDAS-14caf292c666,online gambling
PEDAS-263a5e4d0ab2,online gambling
PEDAS-9c49632d31f3,online gambling
PEDAS-aae11d60b5a1,online gambling
PEDAS-2c29329cc194,brand
PEDAS-b30e7573fff3,online gambling
PEDAS-5fe2d6e03de3,online gambling
PEDAS-da75007d9f62,online gambling
PEDAS-963c6dfdfd2b,brand
PEDAS-69af507ec3a1,online gambling
PEDAS-3d5b6ff323be,online gambling
PEDAS-90c67e87c860,online gambling
PEDAS-f9ec971127a1,online gambling
PEDAS-2427238b8b3c,phishing
PEDAS-810ceaa29acc,malware
PEDAS-28c136f23d84,online gambling
PEDAS-29151a6c3aa5,phishing
PEDAS-5a10ab869553,online gambling
PEDAS-01e171f34fef,online gambling
PEDAS-fcd4969608aa,online gambling
PEDAS-4997dec1eee9,phishing
PEDAS-26314f333276,online gambling
PEDAS-db157de96701,online gambling
PEDAS-1ee607fa5d94,online gambling
PEDAS-ed815239072f,online gambling
PEDAS-8f6e2dec2daa,phishing
PEDAS-3b8f31174c7a,online gambling
PEDAS-707ad57e7b96,phishing
PEDAS-2e87c51c3dd2,phishing
PEDAS-42fa0da9cfc8,phishing
PEDAS-0e504bc66852,online gambling
PEDAS-1fb84f988ae6,brand
PEDAS-2339e9ae5823,online gambling
PEDAS-e9b5a00ac209,phishing
PEDAS-3331a3093d25,phishing
PEDAS-c6fb3857bece,online gambling
